# Collection Team / Form; source=Collection Team.xlsx; generated=2026-09-24; visit=row with non-empty ID
ID,User,Date,اللوكيشن,سبب الزيارة,اسم العميل,Total Overdue,نتيجة المتابعة,طريقة التحصيل,صورة الشيك,صورة التحويل,اجمالي المحصل,سبب عدم التحصيل,ملاحظات
21ec20b1,tarikapdallh90908@gmail.com,2026-08-08 00:00:00,"0.000000, 0.000000",,لينورا للحلويات والمخبوزات,,,شيك,Form_Images/21ec20b1.Cheque Photo.105543.jpg,,0.0,
082f6b83,tarikapdallh90908@gmail.com,2026-08-08 00:00:00,"0.000000, 0.000000",,لينورا للحلويات والمخبوزات,,,شيك,Form_Images/082f6b83.Cheque Photo.105702.jpg,,0.01,
0ceb1c50,tarikapdallh90908@gmail.com,2026-08-08 00:00:00,"0.000000, 0.000000",,ريفولى,,,نقدي,,,0.01,,متعسر
c1cadaed,kereemkimo772@gmail.com,2026-08-09 00:00:00,"30.160927, 31.466592",,شركة تارجت للمواد الغذائية,,,شيك,Form_Images/c1cadaed.Cheque Photo.125600.jpg,,242000.0,,حساب فاتورة
19637efa,kereemkimo772@gmail.com,2026-08-10 15:55:52,"30.035576, 31.005863",,شركة تارجت للمواد الغذائية,,,شيك,Form_Images/19637efa.Cheque Photo.125659.jpg,,200000.0,,حساب فاتورة
f072b38d,tarikapdallh90908@gmail.com,2026-08-09 17:25:55,"0.000000, 0.000000",,ريفولى,,,تحويل بنكي,,Form_Images/f072b38d.Transfer Photo.123349.jpg,41425.0,,تحويل ريفولي
2672598f,tarikapdallh90908@gmail.com,2026-08-09 17:35:02,"0.000000, 0.000000",,شركة وهمى,,,نقدي,,,100000.0,,تشيكن بالالم
d8350bb2,tarikapdallh90908@gmail.com,2026-08-09 17:38:34,"0.000000, 0.000000",,اسماك ابن حميدو,,,نقدي,,,9120.0,,نقدي
1d92f127,tarikapdallh90908@gmail.com,2026-08-11 15:35:17,"0.000000, 0.000000",,مطعم مايند دن,,,شيك,Form_Images/1d92f127.Cheque Photo.124015.jpg,,225243.0,,ماينددن
ae0ea457,tarikapdallh90908@gmail.com,2026-08-11 15:40:39,"0.000000, 0.000000",,مطعم مايند دن,,,شيك,Form_Images/ae0ea457.Cheque Photo.124152.jpg,,225243.0,,ماينددن
898954c6,kereemkimo772@gmail.com,2026-08-11 12:57:45,"30.124427, 31.371710",,ماتانا للمنتجات الغذائية,,,شيك,Form_Images/898954c6.Cheque Photo.132251.jpg,,313311.25,,فاتور عدد 2 شيك بمبلغ
21c2b55f,tarikapdallh90908@gmail.com,2026-08-12 13:43:04,"0.000000, 0.000000",,ريفولى,,,تحويل بنكي,,Form_Images/21c2b55f.Transfer Photo.104451.jpg,29922.0,,متعسر اخر فاتوره شهر ابريل
e67e2192,tarikapdallh90908@gmail.com,2026-08-12 15:06:56,"0.000000, 0.000000",,فوالا,,,شيك,Form_Images/e67e2192.Cheque Photo.120803.jpg,,200000.0,,واحد
cda12ec5,tarikapdallh90908@gmail.com,2026-08-12 15:08:11,"0.000000, 0.000000",,فوالا,,,شيك,Form_Images/cda12ec5.Cheque Photo.120854.jpg,,150000.0,,اثنان
0d1e901e,tarikapdallh90908@gmail.com,2026-08-12 15:09:02,"0.000000, 0.000000",,فوالا,,,شيك,Form_Images/0d1e901e.Cheque Photo.120945.jpg,,150000.0,,ثلاثه
1e420ec5,tarikapdallh90908@gmail.com,2026-08-12 15:11:34,"0.000000, 0.000000",,Butlers & Co Catering,,,شيك,Form_Images/1e420ec5.Cheque Photo.121343.jpg,,160290.0,,باتلرز
904d5b9c,tarikapdallh90908@gmail.com,2026-08-12 16:16:42,"0.000000, 0.000000",,مصنع الرياده عطيه أمام,,,شيك,Form_Images/904d5b9c.Cheque Photo.131832.jpg,,587244.0,
6b644d0c,tarikapdallh90908@gmail.com,2026-08-12 16:41:05,"0.000000, 0.000000",,Brunch and Cake,,,نقدي,,,0.0,,متعسر
4d9cab1f,tarikapdallh90908@gmail.com,2026-08-12 16:44:30,"0.000000, 0.000000",,مصنع كانيلي,,,نقدي,,,0.0,,لا يوجد احد من الحسابات
0a8da816,kereemkimo772@gmail.com,2026-08-13 11:16:26,"30.162968, 31.464580",,هانى - فريدام,,,شيك,Form_Images/0a8da816.Cheque Photo.081748.jpg,,134850.0,,فاتورة
a79e0704,tarikapdallh90908@gmail.com,2026-08-13 13:44:31,"30.002154, 31.446286",,طبالي,,,شيك,Form_Images/a79e0704.Cheque Photo.104542.jpg,,140401.0,,..
f45bee58,tarikapdallh90908@gmail.com,2026-08-13 15:04:19,"30.061836, 31.361408",,اما سوشي,,,نقدي,,,9900.0,,...
b80ca2ce,tarikapdallh90908@gmail.com,2026-08-15 16:37:25,"0.000000, 0.000000",,خالد حسين (عميل - مورد),,,نقدي,,,350000.0,,تم
d5e6af33,kereemkimo772@gmail.com,2026-08-17 13:27:05,"30.061143, 31.356973",,سموزى برادايس,,,شيك,Form_Images/d5e6af33.Cheque Photo.103306.jpg,,621522.0,,حساب فواتير
64e6aa82,kereemkimo772@gmail.com,2026-08-17 13:32:53,"30.061508, 31.356544",,سموزى برادايس,,,شيك,Form_Images/64e6aa82.Cheque Photo.103628.jpg,,413830.0,,فواتير
c846d24d,kereemkimo772@gmail.com,2026-08-17 14:13:32,"30.123256, 31.366299",,دار الضباط,,,نقدي,,,24965.0,,حساب فاتورة
6e81c94d,tarikapdallh90908@gmail.com,2026-08-17 14:29:56,"29.971451, 31.481780",,نولا,,,شيك,Form_Images/6e81c94d.Cheque Photo.113114.jpg,,350000.0,,،،
b3f7a53e,tarikapdallh90908@gmail.com,2026-08-17 14:31:20,"29.972927, 31.486142",,نولا,,,شيك,Form_Images/b3f7a53e.Cheque Photo.113207.jpg,,353901.0,,،،
acf9c69e,tarikapdallh90908@gmail.com,2026-08-17 16:20:35,"0.000000, 0.000000",,Simonds Bakery,,,شيك,Form_Images/acf9c69e.Cheque Photo.132407.jpg,,216738.0,,",,"
dd00582d,tarikapdallh90908@gmail.com,2026-08-17 18:06:07,"30.075488, 31.338973",,مصنع ميجا,,,شيك,Form_Images/dd00582d.Cheque Photo.150701.jpg,,71111.0,,،،
2f053d2d,tarikapdallh90908@gmail.com,2026-08-17 19:51:58,"30.107344, 31.340045",,كافيه تالنت,,,نقدي,,,29540.0,,النزهه
4993cd56,kereemkimo772@gmail.com,2026-08-18 13:17:11,"30.091634, 31.323619",,Abela,,,شيك,Form_Images/4993cd56.Cheque Photo.112035.jpg,,133051.0,,حساب فاتورة
d7e69a9e,tarikapdallh90908@gmail.com,2026-08-18 14:24:50,"30.013122, 31.502205",,مخبز كاندي,,,نقدي,,,31000.0,,الجامعه الامريكيه
b162ce1a,kereemkimo772@gmail.com,2026-08-18 15:49:10,"30.069414, 31.355509",,شركة وهمى,,,نقدي,,,50000.0,,دفعة من حساب
7269ede4,tarikapdallh90908@gmail.com,2026-08-18 18:28:58,"0.000000, 0.000000",,شركة الفريدة للحلويات,,,شيك,Form_Images/7269ede4.Cheque Photo.153304.jpg,,152705.0,,،،،
b9751ba2,kereemkimo772@gmail.com,2026-08-19 11:44:58,"30.174168, 31.457711",,تسيباس اوول فوود,,,شيك,Form_Images/b9751ba2.Cheque Photo.084549.jpg,,862334.74,,فواتير
bc547b8a,kereemkimo772@gmail.com,2026-08-19 13:32:28,"30.099280, 31.322916",,حلواني بيست سويت,,,شيك,Form_Images/bc547b8a.Cheque Photo.103505.jpg,,291444.8,,فواتير
cfe1628f,kereemkimo772@gmail.com,2026-08-19 16:06:36,"30.071991, 30.944747",,PAO,,,شيك,Form_Images/cfe1628f.Cheque Photo.130827.jpg,,255810.0,,حساب فواتير
7d4356cd,tarikapdallh90908@gmail.com,2026-08-19 23:36:42,"30.067082, 31.262458",,كشري وبروست بحر,,,نقدي,,,37750.0,,الطالبيه هرم
84a5dd20,tarikapdallh90908@gmail.com,2026-08-20 13:24:39,"30.062539, 31.273545",,ماجيستي,,,شيك,Form_Images/84a5dd20.Cheque Photo.102741.jpg,,278961.0,,شيك شهر 7
c44baa29,tarikapdallh90908@gmail.com,2026-08-20 15:52:01,"30.080498, 31.355647",,اسماك ابن حميدو,,,نقدي,,,9500.0,,تمام
bab5f76c,tarikapdallh90908@gmail.com,2026-08-20 17:07:19,"0.000000, 0.000000",,ريفولى,,,تحويل بنكي,,Form_Images/bab5f76c.Transfer Photo.140852.jpg,41727.0,,،،
03052ffd,kereemkimo772@gmail.com,2026-08-20 17:34:35,"30.071609, 31.355001",,عم شلتت للمخبوزات,,,نقدي,,,100000.0,,تم تسليم العميل مرهت 50000 الف  بمعرفة ا عبدالله من قيمة فاتورة شلتتت
645406fa,tarikapdallh90908@gmail.com,2026-08-21 22:51:14,"0.000000, 0.000000",,الخبز الذهبي,,,تحويل بنكي,,Form_Images/645406fa.Transfer Photo.195151.jpg,12586.0,,فاتوره مايو
7055cfa5,tarikapdallh90908@gmail.com,2026-08-23 12:57:20,"29.971688, 31.490953",متابعة,عزايم وديوكس,,لم يتم التحصيل,,,,,متعسر,عزايم وديوكس
1813ac4a,tarikapdallh90908@gmail.com,2026-08-23 13:18:35,"29.971697, 31.490783",تحصيل,Butlers & Co Catering,,,شيك,Form_Images/1813ac4a.صورة الشيك.102419.jpg,,,,بتلرز
65405542,tarikapdallh90908@gmail.com,2026-08-23 13:52:29,"29.964949, 31.495423",تحصيل,ماندرين قويدر,,,شيك,Form_Images/65405542.صورة الشيك.105409.jpg,,81421.0,,،،
94609924,tarikapdallh90908@gmail.com,2026-08-23 14:06:21,"29.973771, 31.493993",متابعة,بيكينج فودز للصنعات,,لم يتم التحصيل,,,,,فرق في كشف الحساب,مراجع وانتظار الرد
cf1b9184,tarikapdallh90908@gmail.com,2026-08-23 14:32:38,"29.973887, 31.488641",متابعة,لينورا للحلويات والمخبوزات,,لم يتم التحصيل,,,,,,تحت التوقيع
499bcc1f,tarikapdallh90908@gmail.com,2026-08-23 14:45:38,"29.973292, 31.487213",متابعة,Brunch and Cake,,لم يتم التحصيل,نقدي,,,0.0,متعسر,حسبي الله ونعم الوكيل
0fe8d767,kereemkimo772@gmail.com,2026-08-23 14:44:57,"30.054298, 31.201890",تحصيل,بابا جونز(فانتدج ايجيبت),,,شيك,Form_Images/0fe8d767.صورة الشيك.122847.jpg,,394800.0,,حساب فاتورة
01aa15f2,tarikapdallh90908@gmail.com,2026-08-23 16:35:09,"30.083218, 31.344257",تحصيل,"8back Burgers, المخزن - الماظه",,,شيك,Form_Images/01aa15f2.صورة الشيك.133647.jpg,,29250.0,,8باك
f041a4a1,tarikapdallh90908@gmail.com,2026-08-23 16:36:57,"30.082419, 31.344692",تحصيل,"8back Burgers, المخزن - الماظه",,,شيك,Form_Images/f041a4a1.صورة الشيك.133744.jpg,,20000.0,,8باك
29748ae7,tarikapdallh90908@gmail.com,2026-08-23 17:07:51,"30.067521, 31.356843",تحصيل,Chicken Balalm,,,نقدي,,,120000.0,
1cf6538c,kereemkimo772@gmail.com,2026-08-23 17:23:17,"30.097414, 31.336753",تحصيل,Burger Republic,,,نقدي,,,100000.0,,حساب فاتورة
e8328b56,tarikapdallh90908@gmail.com,2026-08-24 13:03:06,"30.040484, 31.236345",تحصيل,فندق مارشاربل,,,شيك,Form_Images/e8328b56.صورة الشيك.100517.jpg,,45000.0,,فاوتير شهر 7
53e922ca,tarikapdallh90908@gmail.com,2026-08-24 14:26:09,"29.958335, 31.268180",تحصيل,شركة ثرتي نورث,,,شيك,Form_Images/53e922ca.صورة الشيك.112724.jpg,,12617.0,,",,,"
d4995679,tarikapdallh90908@gmail.com,2026-08-24 14:27:40,"29.958335, 31.268180",تحصيل,شركة ثرتي نورث,,,شيك,Form_Images/d4995679.صورة الشيك.112821.jpg,,15771.0,,،،،
02207a09,tarikapdallh90908@gmail.com,2026-08-24 15:42:04,"29.972473, 31.353984",تحصيل,مصر لمستلزمات المخابز,,,شيك,Form_Images/02207a09.صورة الشيك.124528.jpg,,66553.0,,،،
d760720b,kereemkimo772@gmail.com,2026-08-24 17:18:58,"30.040974, 31.203288",تحصيل,ماتانا للمنتجات الغذائية,,,شيك,Form_Images/d760720b.صورة الشيك.142044.jpg,,597333.0,,حساب فواتير
250832d9,kereemkimo772@gmail.com,2026-08-25 14:23:36,"30.054063, 31.205028",متابعة,هانى - فريدام,,لم يتم التحصيل,,,,,متعسر,تم الذهاب الى فريدم ولكن الشيخ هناك غادر المكان والتحصيل غدا
de429428,kereemkimo772@gmail.com,2026-08-26 11:53:41,"30.162980, 31.464575",تحصيل,هانى - فريدام,,,شيك,Form_Images/de429428.صورة الشيك.085453.jpg,,51000.0,
e8deb86a,kereemkimo772@gmail.com,2026-08-26 12:25:59,"30.174171, 31.457778",تحصيل,تسيباس اوول فوود,,,شيك,Form_Images/e8deb86a.صورة الشيك.092755.jpg,,684734.43,,فواتير
6f657aa7,tarikapdallh90908@gmail.com,2026-08-26 12:37:53,"30.064862, 31.474718",تحصيل,مطعم مايند دن,,,نقدي,,,0.0,,هوسبيني
c322621d,tarikapdallh90908@gmail.com,2026-08-26 13:09:48,"30.044396, 31.466882",تحصيل,Crush Bunz,,,نقدي,,,1018.0,,كراش بانز
15dc5f46,tarikapdallh90908@gmail.com,2026-08-26 13:45:55,"30.064538, 31.474718",تحصيل,مطعم مايند دن,,,شيك,Form_Images/15dc5f46.صورة الشيك.110021.jpg,,82122.0,,،،
bd936f7e,tarikapdallh90908@gmail.com,2026-08-26 14:50:00,"29.971236, 31.481501",تحصيل,فوالا,,,شيك,Form_Images/bd936f7e.صورة الشيك.115058.jpg,,250000.0,,،،
3117a6dd,tarikapdallh90908@gmail.com,2026-08-26 14:51:00,"29.971236, 31.481501",تحصيل,فوالا,,,شيك,Form_Images/3117a6dd.صورة الشيك.115138.jpg,,250000.0,,،،
9d1a25d1,kereemkimo772@gmail.com,2026-08-26 14:35:56,"30.061002, 31.210927",تحصيل,Abela,,,شيك,Form_Images/9d1a25d1.صورة الشيك.121407.jpg,,427830.91,,تم الارسال من بنك كيو أن بي لارسال قبل اغلق البنك
5c953cb0,tarikapdallh90908@gmail.com,2026-08-26 15:04:18,"29.972656, 31.484714",تحصيل,مصنع كانيلي,,,شيك,Form_Images/5c953cb0.صورة الشيك.122206.jpg,,0.0,,في اجتماع
2e5b6663,tarikapdallh90908@gmail.com,2026-08-26 15:36:57,"29.973183, 31.487383",تحصيل,لايف سناكس للتصنيع,,,شيك,Form_Images/2e5b6663.صورة الشيك.123916.jpg,,29550.0,,،،
7b42ddf4,kereemkimo772@gmail.com,2026-08-26 15:45:32,"30.053951, 31.205639",تحصيل,,,,نقدي,,,9560.01,,تم تحصيل الاذن وتم عمل تعهد و استلام القيمة حيث أن الاذن غير موجوددار ام حسن
12667a6c,tarikapdallh90908@gmail.com,2026-08-26 16:25:13,"29.972508, 31.486499",تحصيل,مصنع كانيلي,,,شيك,Form_Images/12667a6c.صورة الشيك.132637.jpg,,31540.0,,....
66565295,kereemkimo772@gmail.com,2026-08-26 17:20:53,"30.063991, 31.360695",تحصيل,Chicken Balalm,,,نقدي,,,80000.0,,بلالم تشكين
2be5f683,tarikapdallh90908@gmail.com,2026-08-26 17:58:31,"30.082419, 31.344692",تحصيل,"8back Burgers, المخزن - الماظه",,,شيك,Form_Images/2be5f683.صورة الشيك.150052.jpg,,19000.0,,،،،
af7ae24d,tarikapdallh90908@gmail.com,2026-08-26 18:00:59,"30.082419, 31.344692",تحصيل,"8back Burgers, المخزن - الماظه",,,شيك,Form_Images/af7ae24d.صورة الشيك.150228.jpg,,21085.0,,،،،
b108206b,tarikapdallh90908@gmail.com,2026-08-26 18:45:20,"30.088711, 31.347909",تحصيل,,,,نقدي,,,0.0,,كافيلو
10dcd314,kereemkimo772@gmail.com,2026-08-29 10:41:16,"30.098941, 31.375524",تحصيل,سدرة - للحلويات,,,شيك,Form_Images/10dcd314.صورة الشيك.074240.jpg,,574770.85,,حساب فواتير
b22ec4ee,kereemkimo772@gmail.com,2026-08-30 14:18:39,"30.069403, 31.355494",تحصيل,Chicken Balalm,,,نقدي,,,100000.0,
07ebaa06,kereemkimo772@gmail.com,2026-08-30 14:40:08,"30.063725, 31.360618",تحصيل,,,,تحويل بنكي,,Form_Images/07ebaa06.صورة التحويل.144450.jpg,100000.0,,تحصيل بلالم إيداع في حساب جهينه بمعرفة ا عبدالله
a0f6ccf1,kereemkimo772@gmail.com,2026-08-30 17:45:08,"30.099066, 31.299142",متابعة,مستشفي وادي النيل,,لم يتم التحصيل,,,,,فواتير ضريبية,يجب احضار اصل إذن لاستلام حتى يتم الصرف
5c13ef4d,tarikapdallh90908@gmail.com,2026-08-31 13:14:06,"30.055720, 31.224191",تحصيل,khf for food industries,,,شيك,Form_Images/5c13ef4d.صورة الشيك.101521.jpg,,168337.0,,",,"
6935db77,tarikapdallh90908@gmail.com,2026-08-31 15:24:43,"29.972440, 31.350411",تحصيل,,,,شيك,Form_Images/6935db77.صورة الشيك.122540.jpg,,86122.0,,فاتوره شهر 7
aaa4e137,tarikapdallh90908@gmail.com,2026-08-31 16:48:11,"30.106552, 31.383242",تحصيل,حلواني طيبه,,,نقدي,,,10670.0,,تحصيل 2فاتوره
ff0638ea,tarikapdallh90908@gmail.com,2026-08-31 17:29:31,"30.085973, 31.347663",تحصيل,,,,نقدي,,,26375.0,,هاي توان
d59eb040,kereemkimo772@gmail.com,2026-08-31 17:49:34,"30.040997, 31.203235",تحصيل,ماتانا للمنتجات الغذائية,,,شيك,Form_Images/d59eb040.صورة الشيك.145020.jpg,,305137.0,
398a69bc,tarikapdallh90908@gmail.com,2026-08-31 18:56:11,"0.000000, 0.000000",تحصيل,حلواني بالمي,,,تحويل بنكي,,Form_Images/398a69bc.صورة التحويل.155729.jpg,231825.0,,بالميه
f2dabedf,tarikapdallh90908@gmail.com,2026-08-31 19:13:32,"30.165530, 31.382572",تحصيل,خالد حسين (عميل - مورد),,,نقدي,,,400000.0,,،،
01a729e1,kereemkimo772@gmail.com,2026-09-02 13:18:31,"30.167086, 31.380409",متابعة,خالد حسين (عميل - مورد),,لم يتم التحصيل,,,,,,لم يتم التحصيل بسبب أن ا محمد مدير حسابات خالد حسين لا يوجد أى تحصيلات جهز وتم التواصل مع ا امجد أن التحصيل اخر اليوم وتم التواصل مع ا صلاح
2d90d6d3,kereemkimo772@gmail.com,2026-09-02 16:39:03,"30.008227, 31.533166",تحصيل,,,,نقدي,,,26900.0,,تم تحصيل مبلغ نقدي 26900 من استديو 98
eb4925a9,tarikapdallh90908@gmail.com,2026-09-05 13:22:19,"30.040484, 31.236345",تحصيل,فندق مارشاربل,,,شيك,Form_Images/eb4925a9.صورة الشيك.102522.jpg,,75000.0,,،،
0e54d023,tarikapdallh90908@gmail.com,2026-09-05 14:28:55,"30.053474, 31.238849",متابعة,رغيف شاورما,,لم يتم التحصيل,,,,,عدم ارسال كشف الحساب,،،،
f11998a8,tarikapdallh90908@gmail.com,2026-09-05 18:41:48,"30.166170, 31.381750",تحصيل,خالد حسين (عميل - مورد),,,نقدي,,,300000.0,,،،
b179e209,kereemkimo772@gmail.com,2026-09-06 16:52:23,"30.099712, 31.295985",تحصيل,مستشفي وادي النيل,,,نقدي,,,277385.0,,تم تحصيل  يوجد اشعار خصم سوف يتم تقديم طلب لاسترداد حيث أن الموفق جات بدون  ارفق شهادة دفعة مقدمة
3ba394d8,tarikapdallh90908@gmail.com,2026-09-06 19:07:25,"30.082743, 31.344692",تحصيل,"8back Burgers, المخزن - الماظه",,,شيك,Form_Images/3ba394d8.صورة الشيك.160850.jpg,,12630.0,,...
a17ece04,tarikapdallh90908@gmail.com,2026-09-06 21:07:43,"30.042593, 31.199850",تحصيل,بوب سوشي - الدقى,,,نقدي,,,0.0,,في فرع 3السد العالي
984575f8,tarikapdallh90908@gmail.com,2026-09-06 21:31:45,"30.040077, 31.218099",تحصيل,بوب سوشي - الدقى,,,شيك,Form_Images/984575f8.صورة الشيك.183300.jpg,,126201.0,,...
e2a62513,tarikapdallh90908@gmail.com,2026-09-07 12:02:46,"29.971927, 31.351125",تحصيل,مصر لمستلزمات المخابز,,,شيك,Form_Images/e2a62513.صورة الشيك.091716.jpg,,318660.0,,،،
be7e1082,kereemkimo772@gmail.com,2026-09-07 13:02:02,"30.053917, 31.093208",متابعة,مونجينى,,لم يتم التحصيل,,,,,متعسر,بمعرفة ا عبد ربة التحصيل يوم الاربعاء  بسبب تقفيل مرتبات
3263a229,tarikapdallh90908@gmail.com,2026-09-07 13:36:16,"29.973791, 31.488132",تحصيل,لينورا للحلويات والمخبوزات,,,شيك,Form_Images/3263a229.صورة الشيك.104450.jpg,,413257.0,,..
15c04957,tarikapdallh90908@gmail.com,2026-09-07 14:00:02,"29.972893, 31.487344",تحصيل,Brunch and Cake,,,نقدي,,,0.0,,تم نقل الشركه
f2b0120a,tarikapdallh90908@gmail.com,2026-09-07 14:24:35,"29.972602, 31.486142",تحصيل,مصنع كانيلي,,,شيك,Form_Images/f2b0120a.صورة الشيك.112731.jpg,,76070.0,,فقط لا غير سته وسبعون الف وسبعون جنيه مصري
43671f53,tarikapdallh90908@gmail.com,2026-09-07 14:52:09,"29.969640, 31.485071",تحصيل,ريفولى,,,نقدي,,,0.0,,ممكن يعمل تحويل
e180bd45,tarikapdallh90908@gmail.com,2026-09-07 15:18:54,"29.971561, 31.490069",تحصيل,Butlers & Co Catering,,,شيك,Form_Images/e180bd45.صورة الشيك.122059.jpg,,173534.0,,،،،
5eb41fa9,tarikapdallh90908@gmail.com,2026-09-07 15:31:42,"29.972027, 31.491053",تحصيل,شركة عزايم للصناعات الغذائية (ديوكس),,,نقدي,,,0.0,,متعسر
4fcb0eba,kereemkimo772@gmail.com,2026-09-07 15:46:46,"30.086345, 31.341736",تحصيل,Horeca Hub,,,شيك,Form_Images/4fcb0eba.صورة الشيك.125121.jpg,,1127147.68,,حساب فواتير مع  تسليم اصل الشيك المرفوض من البنك ال cib  بمبلغ  .219156.32.
1d6ae000,tarikapdallh90908@gmail.com,2026-09-07 18:08:38,"29.883906, 31.290352",تحصيل,مطعم القنبلة,,,نقدي,,,100210.0,,باقي 50مع الفاتوره القادمه
91cf2326,kereemkimo772@gmail.com,2026-09-08 12:19:31,"30.099072, 31.295794",متابعة,مستشفي وادي النيل,,لم يتم التحصيل,,,,,فواتير ضريبية,تم تسليم اشعار الخصم 1% للوحدة الحسابية وجاري تخلص بمعرفتهم
c20ec9f8,tarikapdallh90908@gmail.com,2026-09-08 13:10:45,"0.000000, 0.000000",تحصيل,ريفولى,,,تحويل بنكي,,Form_Images/c20ec9f8.صورة التحويل.101332.jpg,62442.0,,،،
2e5d6cb7,tarikapdallh90908@gmail.com,2026-09-08 13:14:08,"30.112072, 31.330752",تحصيل,مؤسسة مصر التجارية,,,شيك,Form_Images/2e5d6cb7.صورة الشيك.101538.jpg,,64658.0,,،،،
f085057a,kereemkimo772@gmail.com,2026-09-08 13:36:08,"30.162958, 31.464549",تحصيل,فريدام,,,شيك,Form_Images/f085057a.صورة الشيك.103741.jpg,,93665.0,,حساب فاتورة
3c26730f,tarikapdallh90908@gmail.com,2026-09-08 14:28:04,"30.065511, 31.474718",تحصيل,Meansun,,,شيك,Form_Images/3c26730f.صورة الشيك.113002.jpg,,37052.0,,فيد هوسبيتاليتي للاغذيه والمشروبات
f3dfabab,tarikapdallh90908@gmail.com,2026-09-08 15:32:48,"29.972900, 31.491140",تحصيل,مصنع الرياده عطيه أمام,,,شيك,Form_Images/f3dfabab.صورة الشيك.123423.jpg,,962044.0,,،،،
f1113293,kereemkimo772@gmail.com,2026-09-09 14:10:49,"30.053914, 31.093175",متابعة,مونجينى,,لم يتم التحصيل,,,,,متعسر,و ا عرفة مدير الخزنة سوف يتم عمل تحويل غدا بمعرفة ا عبدربة
8189b964,tarikapdallh90908@gmail.com,2026-09-09 15:15:56,"29.971683, 31.493281",تحصيل,بيتزا بريموس,,,نقدي,,,42250.0,,تحصيل فاتوره من شهر اغسطس
e5cda6ac,tarikapdallh90908@gmail.com,2026-09-09 15:37:19,"29.971048, 31.490783",متابعة,شركة عزايم للصناعات الغذائية (ديوكس),,لم يتم التحصيل,,,,,متعسر,،،
758afb85,kereemkimo772@gmail.com,2026-09-09 15:57:55,"30.069429, 31.355434",تحصيل,Chicken Balalm,,,نقدي,,,80000.0,,حساب فاتورة
ecdb0a22,kereemkimo772@gmail.com,2026-09-10 15:02:03,"30.075243, 31.339733",تحصيل,مصنع ميجا,,,شيك,Form_Images/ecdb0a22.صورة الشيك.120343.jpg,,51267.0,,حساب فاتورة
d5b5379e,kereemkimo772@gmail.com,2026-09-10 15:46:28,"30.086693, 31.341820",تحصيل,Horeca Hub,,,نقدي,,,364560.0,,حساب فاتورة
3ad89907,tarikapdallh90908@gmail.com,2026-09-10 18:50:22,"30.061622, 31.217741",تحصيل,Simonds Bakery,,,شيك,Form_Images/3ad89907.صورة الشيك.155436.jpg,,639375.0,,كده رصيد العميل صفر
245d58c4,kereemkimo772@gmail.com,2026-09-12 12:59:36,"30.035594, 31.005858",تحصيل,شركة تارجت للمواد الغذائية,,,شيك,Form_Images/245d58c4.صورة الشيك.100056.jpg,,310047.0,
37226a28,kereemkimo772@gmail.com,2026-09-13 09:28:53,"30.236145, 31.450735",متابعة,,, تم التحصيل,تحويل بنكي,,Form_Images/37226a28.صورة التحويل.063202.jpg,3350.0,,تم الذهاب الى التامينات الاستلام شهادة السيارة سيارة رقم 8271 وتم السدادمرافق عدد ا إيصال مع صورة إيصال فور ب 15 ج
5ff79b53,kereemkimo772@gmail.com,2026-09-13 12:10:53,"30.122188, 31.364751",,,,,,,,,,من اصل 5 شيك يجب الرجوع   للعميلcib إيداع عدد4 شيك فى  + Qnb+ 3 شيك تم إيداع عدد 5 شيكات مقاسة
d9f1a25f,kereemkimo772@gmail.com,2026-09-13 12:17:37,"30.122270, 31.364400",متابعة,,, تم التحصيل,شيك,Form_Images/d9f1a25f.صورة الشيك.092114.jpg,,0.0,,تم إيداع عدد 5 شيك مقاسة تم إيداع 3 شيك كيو أن بي ام إيداع عدد 4 شيك بنك سي اي بي من اصل 5 شيك الشيك المرفوض بسبب تسعواربعون يجب الرجوع الى العميل
6fac0d1d,kereemkimo772@gmail.com,2026-09-13 13:52:27,"30.099709, 31.296030",متابعة,مستشفي وادي النيل,,لم يتم التحصيل,,,,,فواتير ضريبية,يجب  عمل جواب بتاريخ  وا احمد الصراف في قسم المشتريات  سوف يقوم بتواصل مع الشركة  بخصوص صرف ال1%
23b57a2d,tarikapdallh90908@gmail.com,2026-09-13 14:12:09,"30.061813, 31.357558",تحصيل,سموزى برادايس,,,شيك,Form_Images/23b57a2d.صورة الشيك.111423.jpg,,0.0,,،،
79651c98,tarikapdallh90908@gmail.com,2026-09-13 14:14:23,"30.061180, 31.356528",تحصيل,سموزى برادايس,,,شيك,Form_Images/79651c98.صورة الشيك.111557.jpg,,2376612.0,,اجمالي 11شيك عن شهر 8وفاتوره من 9
987f3ce3,tarikapdallh90908@gmail.com,2026-09-13 14:51:26,"30.060168, 31.332760",تحصيل,سكاي سيتي,,,نقدي,,,16160.0,,نقدي
b30d0a6c,kereemkimo772@gmail.com,2026-09-13 15:02:48,"30.069419, 31.355512",تحصيل,Chicken Balalm,,,نقدي,,,80000.0,
dd09b0ec,tarikapdallh90908@gmail.com,2026-09-13 16:05:55,"30.124990, 31.371495",تحصيل,زانوبيا,,,شيك,Form_Images/dd09b0ec.صورة الشيك.130700.jpg,,0.0,
ecd959da,tarikapdallh90908@gmail.com,2026-09-13 16:07:08,"30.125585, 31.372924",تحصيل,زانوبيا,,,شيك,Form_Images/ecd959da.صورة الشيك.131146.jpg,,1054410.0,,..
a05bf9ec,tarikapdallh90908@gmail.com,2026-09-13 18:08:00,"0.000000, 0.000000",تحصيل,حلواني بالمي,,,تحويل بنكي,,Form_Images/a05bf9ec.صورة التحويل.150912.jpg,100000.0,,دفعه من حساب شهر أغسطس
e6e4328e,kereemkimo772@gmail.com,2026-09-14 10:54:28,"30.128469, 31.372413",تحصيل,,,,نقدي,,,14350.0,,تم تسليم العميل اون استار الشيك المرفوض من البنك واستلام القيمة نقدا
8a18f7cf,kereemkimo772@gmail.com,2026-09-14 12:14:56,"30.069202, 31.344030",تحديث بيانات,,,,,,,,,تم الذهاب الى شركة الكهرباء فرع مدينه نصر لضبط عدد 3 كارت كهرباء وبمعرف ا هانى الموظف المسؤل يجب عدم شحن الكروت من اى تطبيق حيث أنة هى السبب في إيقاف الكروت ويجب عند الشحن الذهب الي شركة الكهرباء
8c4e7eb2,kereemkimo772@gmail.com,2026-09-14 13:52:38,"30.098984, 31.375481",تحصيل,سدرة - للحلويات,,,شيك,Form_Images/8c4e7eb2.صورة الشيك.105406.jpg,,77606.8,
a6a31df1,tarikapdallh90908@gmail.com,2026-09-14 14:46:57,"29.972430, 31.352912",تحصيل,,,,شيك,Form_Images/a6a31df1.صورة الشيك.114915.jpg,,31993.0,,انفستمينت
087ca79c,kereemkimo772@gmail.com,2026-09-15 13:21:40,"30.041173, 31.203566",تحصيل,سميحه,,,نقدي,,,17340.0,,تحصيل من  إدارة سميحة
975f82ff,kereemkimo772@gmail.com,2026-09-15 15:19:59,"30.162961, 31.464567",تحصيل,فريدام,,,شيك,Form_Images/975f82ff.صورة الشيك.122054.jpg,,144150.0,
319b8754,kereemkimo772@gmail.com,2026-09-16 13:21:01,"30.234265, 31.450748",تحديث بيانات,,,,,,,,,تم الذهاب الى التامينات الاجتماعيه لاستلام برنت بأسماء الموظفين ولمعرفة مدير التامينات البرنت سوف يتم تشغلة لاسبوع القادم ويجب المتابعة تم الذهاب والمخابرة الي ا اسامح
f3080341,kereemkimo772@gmail.com,2026-09-16 14:36:29,"30.069565, 31.355473",متابعة,,,لم يتم التحصيل,,,,,متعسر,حصيلات لكل الشركة وان ا مالك سوف يقوم لتبلغ الشركةتم تبلغ ا صلاح أن ا خالد مدير خزنة بلالم تشكين قام بالغاء  كل الت
1fa24125,kereemkimo772@gmail.com,2026-09-16 15:14:33,"30.075382, 31.338760",تحصيل,مصنع ميجا,,,شيك,Form_Images/1fa24125.صورة الشيك.121546.jpg,,30900.0,
264ff9c4,kereemkimo772@gmail.com,2026-09-17 10:54:16,"30.124454, 31.364434",,,,,,,,,,تم الذهاب الى البنوك وإيداع شيكات كيو أن بي ام سي اى بي لم يتم الإيداع بسبب خطأ في كتابنا الشيك ويجب الرجوع الى العميل
c6c1b02d,kereemkimo772@gmail.com,2026-09-17 14:05:58,"30.060960, 31.210895",تحصيل,Abela,,,شيك,Form_Images/c6c1b02d.صورة الشيك.110758.jpg,,183923.5,
fb26ec49,tarikapdallh90908@gmail.com,2026-09-17 14:08:52,"30.086489, 31.326820",تحصيل,شركة كلاودز ايجيبت,,,شيك,Form_Images/fb26ec49.صورة الشيك.111151.jpg,,113408.0,,،،
42b8558b,tarikapdallh90908@gmail.com,2026-09-17 14:54:35,"0.000000, 0.000000",تحصيل,ايتوال,,,تحويل بنكي,,Form_Images/42b8558b.صورة التحويل.115608.jpg,1000000.0,,تخص ا صلاح
d8cf9ce0,tarikapdallh90908@gmail.com,2026-09-17 15:02:56,"0.000000, 0.000000",تحصيل,ساليه سوكريه,,,شيك,Form_Images/d8cf9ce0.صورة الشيك.120410.jpg,,342355.0,,شهر أغسطس
01326ab6,kereemkimo772@gmail.com,2026-09-17 16:03:15,"30.068684, 31.356129",تحصيل,Chicken Balalm,,,نقدي,,,80000.0,
8423083b,tarikapdallh90908@gmail.com,2026-09-19 14:31:41,"30.064897, 31.474701",تحصيل,مطعم مايند دن,,,شيك,Form_Images/8423083b.صورة الشيك.113602.jpg,,951952.0,,...
0085dbbd,tarikapdallh90908@gmail.com,2026-09-19 15:01:31,"30.052837, 31.454010",تحصيل,حلواني بالمي,,,نقدي,,,100000.0,,دفعه كاش وان شاء الله تحويل في خلال يومان
bd89c7f8,tarikapdallh90908@gmail.com,2026-09-19 16:40:00,"30.062120, 31.273903",تحصيل,ماجيستي,,,شيك,Form_Images/bd89c7f8.صورة الشيك.134110.jpg,,226025.0,,،،
16396647,tarikapdallh90908@gmail.com,2026-09-20 12:20:40,"29.972074, 31.480787",تحصيل,هوست ان لادارة المطاعم والفنادق,,,شيك,Form_Images/16396647.صورة الشيك.094508.jpg,,62585.0,,في فرق 27جنيه وذالك صنف زيت فرق سعر 2في ١٣=27
eb57584d,tarikapdallh90908@gmail.com,2026-09-20 12:52:17,"29.971330, 31.481144",متابعة,نولا,,لم يتم التحصيل,,,,,متعسر,استاذ باسم اجازه اسبوع
065eebfe,kereemkimo772@gmail.com,2026-09-20 13:27:52,"30.104711, 31.343906",تحصيل,فايف سويتس,,,نقدي,,,8000.0,,دفعة من حساب مديونية  الدعوة القادمة في شهر 10 والعالية في شهر 11 وسوف يتم سدد المديونية قبل نهاية السنة  بمعرفة ا محمد خير مدير حسابات فايف سويتس
e63bd7e2,tarikapdallh90908@gmail.com,2026-09-20 13:31:55,"29.971330, 31.481144",تحصيل,فوالا,,,شيك,Form_Images/e63bd7e2.صورة الشيك.103247.jpg,,500000.0,,دفعه
c3d47e75,tarikapdallh90908@gmail.com,2026-09-20 13:47:48,"29.972562, 31.485071",تحصيل,ريفولى,,لم يتم التحصيل,تحويل بنكي,,Form_Images/c3d47e75.صورة التحويل.143956.jpg,27880.0,,فاتوره من شهر 7
03cc7d53,tarikapdallh90908@gmail.com,2026-09-20 14:04:45,"29.972342, 31.486499",متابعة,مصنع كانيلي,,لم يتم التحصيل,,,,,فرق في كشف الحساب,سيتم مع شيك القادم
ecaf877c,tarikapdallh90908@gmail.com,2026-09-20 15:02:43,"29.974090, 31.485428",متابعة,شركة عزايم للصناعات الغذائية (ديوكس),,لم يتم التحصيل,,,,,متعسر,بكره أن شاءالله
a091eef6,kereemkimo772@gmail.com,2026-09-20 15:13:26,"30.069215, 31.355432",تحصيل,Chicken Balalm,,,نقدي,,,60000.0,
444de9b9,tarikapdallh90908@gmail.com,2026-09-20 17:15:14,"30.039796, 31.219172",تحصيل,بوب سوشي - الدقى,,,شيك,Form_Images/444de9b9.صورة الشيك.141811.jpg,,32700.0,,،،
c1dc4073,tarikapdallh90908@gmail.com,2026-09-20 18:00:30,"30.053673, 31.205933",تحصيل,دوار ام حسن - المهندسين,,,نقدي,,,7530.0,,تحصيل فاتوره
457fb153,kereemkimo772@gmail.com,2026-09-20 18:39:04,"30.083265, 31.346927",تحصيل,,,,شيك,Form_Images/457fb153.صورة الشيك.154119.jpg,,21290.0,,تم تحصيل عدد ا شيك من ايت باك والشيك الثانى تحصيل غدا
e5ab8e1f,kereemkimo772@gmail.com,2026-09-21 13:12:36,"30.099531, 31.323535",تحصيل,حلواني بيست سويت,,,شيك,Form_Images/e5ab8e1f.صورة الشيك.101359.jpg,,494789.45,
32ab6dbb,kereemkimo772@gmail.com,2026-09-21 13:24:33,"30.094233, 31.316254",متابعة,رويال جروب,,لم يتم التحصيل,,,,,متعسر,لم ياتى مدير رويال من السفر حتى يقوم بتوقيع الشيكات
cf6d7ec3,kereemkimo772@gmail.com,2026-09-21 14:30:05,"30.061285, 31.210690",تحصيل,Abela,,,شيك,Form_Images/cf6d7ec3.صورة الشيك.113121.jpg,,250000.0,
ccb430be,tarikapdallh90908@gmail.com,2026-09-21 14:38:12,"29.971507, 31.491497",تحصيل,شركة عزايم للصناعات الغذائية (ديوكس),,,شيك,Form_Images/ccb430be.صورة الشيك.113943.jpg,,143515.0,,فاوتير شهر 6،،7
8d0bfcf1,tarikapdallh90908@gmail.com,2026-09-21 15:31:26,"29.972262, 31.348623",تحصيل,شركة أنفستمينت جيت للإستيراد,,,شيك,Form_Images/8d0bfcf1.صورة الشيك.124024.jpg,,99289.0,,فاتوره من شهر 8
3c04e737,kereemkimo772@gmail.com,2026-09-21 18:20:52,"30.083384, 31.346977",متابعة,,,لم يتم التحصيل,,,,,متعسر,تم الذهاب للعميل والعميلقن بالتنسيق مع ا طارق شركة ماس للتوريدات العمومية لاستلام الشيك
d2d524ad,tarikapdallh90908@gmail.com,2026-09-22 13:32:46,"30.056931, 31.379713",تحصيل,اما سوشي,,,شيك,Form_Images/d2d524ad.صورة الشيك.103412.jpg,,264000.0,,...
23d6352a,tarikapdallh90908@gmail.com,2026-09-22 14:52:31,"30.017493, 31.449010",متابعة,Brunch and Cake,,لم يتم التحصيل,,,,,متعسر,ده لوكيشن الجديد
dafc8a35,kereemkimo772@gmail.com,2026-09-22 16:08:48,"30.165273, 31.384462",تحصيل,خالد حسين (عميل - مورد),,,نقدي,,,500000.0,
f782bfd7,tarikapdallh90908@gmail.com,2026-09-22 18:08:07,"0.000000, 0.000000",تحصيل,حلواني بالمي,,,تحويل بنكي,,Form_Images/f782bfd7.صورة التحويل.150834.jpg,200000.0,,...
fed937d9,tarikapdallh90908@gmail.com,2026-09-22 19:29:56,"30.083192, 31.347909",تحصيل,"8back Burgers, المخزن - الماظه",,,شيك,Form_Images/fed937d9.صورة الشيك.164143.jpg,,20000.0,,فاتوره باقي41
9f8d8fe3,tarikapdallh90908@gmail.com,2026-09-22 20:00:07,"30.090889, 31.348266",متابعة,Cave cafe,,,,,,,,انتها الزيارة ساعه 1115
9427958a,kereemkimo772@gmail.com,2026-09-23 09:02:08,"30.236146, 31.450743",متابعة,,,لم يتم التحصيل,,,,,,تم الذهاب الى التامينات الاستلام برنت لا يوجد برنت تم ايقاف ويوجد فقط كشف حساب بتعدد الموظفين بدون لاسماء او لاجر
232a725d,kereemkimo772@gmail.com,2026-09-23 11:06:10,"30.119065, 31.367065",,,,,,,,,,تم الذهاب الى بنك cib إيداع عدد 2 شيك
5d1fffc9,kereemkimo772@gmail.com,2026-09-23 11:51:01,"30.129566, 31.372744",تحصيل,,,,نقدي,,,10410.0,,تم تسليم العميل الشيك المرفوض من البنك واستلام القيمة نقدا اون استار
8706ab26,kereemkimo772@gmail.com,2026-09-23 12:29:24,"30.122682, 31.366541",تحديث بيانات,اونستار للتجارة والتوريدات,,,,,,,,تم إيداع شيك اون استار المرفوض من البنك
55e5b70e,kereemkimo772@gmail.com,2026-09-23 13:51:50,"30.106396, 31.383612",تحصيل,حلواني طيبه,,,نقدي,,,5225.0,
6a0fa08c,kereemkimo772@gmail.com,2026-09-23 14:21:10,"30.069425, 31.355485",تحصيل,Chicken Balalm,,,نقدي,,,50000.0,
f6a3bc08,kereemkimo772@gmail.com,2026-09-24 12:53:07,"30.053990, 31.093304",متابعة,مونجينى,,لم يتم التحصيل,,,,,متعسر,تم تسليم عدد 3 شيك الي ا عبدربة وا احمد اسامه في الحسابات لتحديد موعد التحصيل او التحويل
ada2956f,tarikapdallh90908@gmail.com,2026-09-24 15:36:21,"29.960061, 31.265319",تحصيل,شركة ثرتي نورث,,,شيك,Form_Images/ada2956f.صورة الشيك.123710.jpg,,86998.0,,شهر أغسطس
