# Aged Receivable; source tab=16-09; as-of=2026-09-16; generated=2026-09-24
المتأخر المدين,الشركة,علامات التصنيف,شروط السداد للعميل,مندوب المبيعات,بتاريخ,1-30,31-60,61-90,91-120,أقدم,الإجمالي
,,,,,14287612.340000002,22058707.6,12011433.230000004,1623862.8,11454552.339999994,0,61436168.31
خالد حسين (عميل - مورد),0,عميل - مورد,0,Haddil Haron,0,1213450,7014154.89,37926.29,596748.59,,8862279.77
تسيباس اوول فوود,MAS,عملاء اجل,30 يوماً,Haddil Haron,1141227.48,2691012.45,35846,214841.5,190187.66,,4273115.09
فوالا,MAS,عملاء اجل,60 يوم,Haddil Haron,1655148.21,110499.2,486645.6,16368,582364.27,,2851025.28
ايتوال,MAS,عملاء اجل,15 of month,Haddil Haron,858085.5,1824701.24,0,0,0,,2682786.74
سدرة - للحلويات,MAS,عملاء اجل,15 of month,Haddil Haron,94852.76,712013.79,793521.9,0,927344.29,,2527732.74
مصنع بريد فاست,MAS,عملاء اجل,30 يوماً,Haddil Haron,422280,1759611,0,0,46254.23,,2228145.23
زانوبيا,MAS,عملاء اجل,15 of month,Haddil Haron,472785,1225775,129921.94,210000,0,,2038481.94
Abela,MAS,عملاء اجل,30 يوماً,Haddil Haron,1715648.52,214699.27,0,0,0,,1930347.79
نولا,MAS,عملاء اجل,15 of month,Haddil Haron,411936,1293044,148161.48,0,0,,1853141.48
مطعم مايند دن,MAS,عملاء اجل,30 يوماً,Haddil Haron,892905.56,625911.44,60970.1,0,22.1,,1579809.2000000002
توينكى,MAS,متجمد,0,Naden Amgad,0,0,0,0,1478936.96,,1478936.96
ماتانا للمنتجات الغذائية,MAS,عملاء اجل,30 يوماً,Haddil Haron,738658.75,683306.51,0,0,0,,1421965.26
شركة وهمى,MAS,عملاء اجل,30 يوماً,Haddil Haron,0,0,39366,12000,1369387.17,,1420753.17
بابا جونز(فانتدج ايجيبت),MAS,عملاء اجل,30 يوماً,Haddil Haron,800232.92,29350,0,557422.66,200.78,,1387206.36
Chicken Balalm,MAS,عملاء اجل,15 يوماً,Haddil Haron,668899.2,238947.96,128600,0,227050,,1263497.16
شركة جيت,MAS,عملاء كاش ,الدفع الفوري ,Haddil Haron,0,837760.74,422992.8,0,0,,1260753.54
حلواني بيست سويت,MAS,عملاء اجل,15 of month,Haddil Haron,435082.76,507299.44,66995.85,7855.5,0,,1017233.5499999999
طبالي,MAS,عملاء اجل,15 يوماً,Haddil Haron,0,242157.25,0,320187.3,416516.24,,978860.79
عم شلتت للمخبوزات,MAS,عملاء اجل,15 يوماً,Haddil Haron,242465.4,594689.5,139597.45,0,0,,976752.3500000001
شركة الرواد لتوريد المواد الغذائية,0,عميل - مورد,0,Amgad Ahmed,0,414565,211382.38,0,221186.56,,847133.94
بلبن,MAS,عملاء اجل,30 يوماً,Haddil Haron,0,6125,176935,1950,652132,,837142
ميسو,MAS,عملاء اجل,0,Haddil Haron,121380,164261.25,520638.1,0,0,,806279.35
حلواني بالمي,Horeca Smart,عملاء اجل,15 of month,Mona Mohamed,88150,601634.69,0,392.5,88.6,,690265.7899999999
سموزى برادايس,MAS,عملاء اجل,15 يوماً,Haddil Haron,602488.7,-117847.19,0,0,154204.11,,638845.6199999999
Burger Republic,Horeca Smart,عملاء اجل,15 of month,Mona Mohamed,83680,228000,0,30277.25,256211.48,,598168.73
كبدة الفلاح - الالف مصنع,MAS,متجمد,0,Donia Khaled,0,0,0,0,515589.97,,515589.97
السويفى ( عميل ومورد ),MAS,عميل - مورد,الدفع الفوري ,Haddil Haron,0,0,487719,0,5667.89,,493386.89
جيت للتجارة والتوزيع JET,#N/A,#N/A,0,#N/A,0,488185.71,0,0,0,,488185.71
ناديةمحمد عبد الغنى ابو طالب,0,عملاء كاش ,الدفع الفوري ,AbdElrhaman Farrag,0,464976,-33.6,-0.6,0,,464941.80000000005
شركة أنفستمينت جيت للصناعات الغذائية,MAS,عملاء اجل,15 يوماً,Haddil Haron,223345.15,133624.82,86122.18,561.63,3009.81,,446663.58999999997
مونجينى,MAS,عملاء اجل,15 of month,Haddil Haron,0,-92400,0,0,538980.74,,446580.74
ماجيستي,MAS,عملاء اجل,30 يوماً,Haddil Haron,232384.4,202141,0,-113340,113340,,434525.4
بهيج,MAS,عملاء اجل,30 يوماً,Haddil Haron,0,0,0,0,408176.14,,408176.14
مصنع الرياده عطيه أمام,Horeca Smart,عملاء اجل,10 أيام بعد نهاية الشهر التالي ,Donia Khaled,0,386294.74,0,0,0,,386294.74
شركة عزايم للصناعات الغذائية (ديوكس),MAS,عملاء اجل,15 of month,Haddil Haron,95120,157394.18,0,129041.6,1.1,,381556.88
رويال جروب,MAS,عملاء اجل,15 of month,Haddil Haron,51268.8,77152.6,0,0,248874.02,,377295.42
شركة الدهان لادارة المشروعات السياحية,MAS,عملاء اجل,10 يوماً,Haddil Haron,287050.64,57107.77,0,0,22223.47,,366381.88
احمد يوسف ( عميل و مورد ),MAS,عميل - مورد,5 Days,Haddil Haron,0,0,0,0,363946.82,,363946.82
ريفولى,MAS,عملاء اجل,30 يوماً,Haddil Haron,117668.75,120762.75,27866.7,0,96706.42,,363004.62
جيت -محافظة الشرقية,#N/A,#N/A,#N/A,#N/A,0,350144.04,0,0,0,,350144.04
ساليه سوكريه,MAS,عملاء اجل,15 يوماً,Haddil Haron,0,342355,0,0,0,,342355
فرست كلاس,MAS,عملاء اجل,15 يوماً,Haddil Haron,239702.5,0,0,65145.85,34685,,339533.35
اما سوشي,Horeca Smart,عملاء اجل,15 يوماً,Reham Maher,0,264000,0,0,36173.51,,300173.51
Butlers & Co Catering,MAS,عملاء كاش ,الدفع الفوري ,Haddil Haron,0,281705,0.68,91,0,,281796.68
لينورا للحلويات والمخبوزات,MAS,عملاء اجل,15 of month,Haddil Haron,84948,-129925.24,309424.8,0,0,,264447.56
شركة كلاودز ايجيبت,MAS,عملاء اجل,30 يوماً,Haddil Haron,61295,85144,41115.47,52660,19632.72,,259847.19
Brunch and Cake,MAS,متجمد,0,Mona Mohamed,0,0,0,0,257197.93,,257197.93
هريدى للتوريدات (عميل - مورد),MAS,عميل - مورد,0,Haddil Haron,49890,127750,70381.5,0,6853.66,,254875.16
شركة تارجت للمواد الغذائية,MAS,عملاء اجل,15 of month,Haddil Haron,180999.26,12780.49,47735.61,0,0,,241515.36
مصنع كانيلي,MAS,عملاء كاش ,الدفع الفوري ,Haddil Haron,0,237867.29,-448.95,0,0,,237418.34
شركة شرق الدلتا لادارة المطاعم,Horeca Smart,عملاء اجل,30 يوماً,Mona Mohamed,46462.62,143947.69,13953.56,0,32765,,237128.87
أبومحرم للحلويات,MAS,عملاء اجل,10 أيام بعد نهاية الشهر التالي ,Haddil Haron,236200,0,0,94,1.4,,236295.4
شركة اوشن,MAS,عملاء اجل,30 يوماً,Haddil Haron,221564.65,8406.95,0,0,1.7,,229973.30000000002
جيت نيو كايرو للتجارة والتوزيع,MAS,عملاء كاش ,#N/A,Amgad Ahmed,0,227502.6,0,0,0,,227502.6
ماندرين قويدر,MAS,عملاء اجل,15 of month,Haddil Haron,125558.34,76196.45,1.25,0,12144.61,,213900.64999999997
جويا سوشي - المخزن,Horeca Smart,عملاء كاش ,#N/A,Mona Mohamed,0,187800,-0.25,0,0,,187799.75
شركة المدينة للتوريدات ( عميل - مورد ),MAS,عميل - مورد,0,Haddil Haron,0,0,280,0,179336.25,,179616.25
شركه مكة - بيتزا ستاف,0,عملاء اجل,15 of month,Haddil Haron,0,126787.88,0,-12535.49,57323.48,,171575.87
Heart Attack,MAS,متجمد,15 يوماً,Mona Mohamed,0,0,0,0,161595.95,,161595.95
PAO,Horeca Smart,عملاء اجل,45 يوماً,Naden Amgad,0,0,0,0,160893.96,,160893.96
الفتح - العبور,MAS,عملاء اجل,30 يوماً,Haddil Haron,0,118768,0,0,30545.9,,149313.9
حلواني العبد,MAS,عملاء اجل,15 of month,Haddil Haron,0,-63713.64,207349.56,0,1945.79,,145581.71
مصر لمستلزمات المخابز,MAS,عملاء كاش ,الدفع الفوري ,Haddil Haron,55738.68,0,83203.99,0,8.63,,138951.30000000002
شركة الفريدة للحلويات,MAS,عملاء كاش ,الدفع الفوري ,Haddil Haron,0,90292.2,42595.49,0,0,,132887.69
Three Dinner - Chefs Studio,Horeca Smart,عملاء اجل,30 يوماً,Reham Maher,81834.18,12350,0,0,38659.54,,132843.72
Hashvill,Horeca Smart,عملاء كاش ,الدفع الفوري ,Mona Mohamed,0,130300,0,0,0,,130300
توريقه,MAS,عملاء كاش ,الدفع الفوري ,Haddil Haron,0,0,0,0,118115.35,,118115.35
شركة ثرتي نورث,MAS,عملاء اجل,15 of month,Haddil Haron,29524.14,86999.15,0,0,0.35,,116523.64
اوز لإدارة المطاعم,Horeca Smart,عملاء اجل,15 يوماً,Mona Mohamed,0,96940,0,0,5019.63,,101959.63
عيد (عميل - مورد),MAS,عميل - مورد,0,Haddil Haron,0,100021,0,0,0,,100021
هوست ان لادارة المطاعم والفنادق,MAS,عملاء كاش ,الدفع الفوري ,Haddil Haron,0,41261.65,52003.13,0,0,,93264.78
شركة جراند لتعبئة وتجارة المواد الغذائية,MAS,عملاء اجل,30 يوماً,Haddil Haron,0,0,0,0,90199.4,,90199.4
Secret Society Burger,Horeca Smart,عملاء كاش ,الدفع الفوري ,Reham Maher,0,84463.55,0,341.45,0,,84805
مطعم القنبلة,Horeca Smart,عملاء كاش ,الدفع الفوري ,Reham Maher,0,-39877.95,0,0,124438.12,,84560.17
سميحه,MAS,عملاء كاش ,الدفع الفوري ,Haddil Haron,11769.06,6937,25092.5,17342.5,17342.5,,78483.56
khf for food industries,MAS,عملاء كاش ,الدفع الفوري ,Mona Mohamed,0,0,74827.8,0,0,,74827.8
جمعية محبي الزكاة,MAS,عملاء اجل,0,Haddil Haron,0,73900,0,0,0,,73900
كشري ابوطارق,MAS,عملاء كاش ,الدفع الفوري ,Haddil Haron,0,0,49975,18995,0,,68970
ضياء حسن الراشدين,0,عملاء كاش ,الدفع الفوري ,Haddil Haron,0,256232,-187917.9,0,0,,68314.1
مؤسسة مصر التجارية,MAS,عملاء اجل,#N/A,Haddil Haron,64658.25,0.25,0,0.5,17.5,,64676.5
الصادق للتوريدات,Horeca Smart,عملاء كاش ,الدفع الفوري ,Mona Mohamed,0,0,0,0,64142.23,,64142.23
شركة رويال,#N/A,#N/A,#N/A,#N/A,0,62160,0,0,0,,62160
كوبر ميلت للاغذية,MAS,عملاء اجل,0,Haddil Haron,45744.72,14383.6,0,0,0,,60128.32
8back Burgers,Horeca Smart,عملاء كاش ,الدفع الفوري ,Lames Magdy,0,56310,0,0,0,,56310
شركه المحلاوي,0,عملاء كاش ,الدفع الفوري ,0,0,0,0,0,55000,,55000
فندق مارشاربل,Horeca Smart,عملاء اجل,30 يوماً,Naden Amgad,48796.23,15449.28,0,-19433.28,8894.72,,53706.950000000004
شركة اسينا للمقاولات,MAS,عملاء كاش ,الدفع الفوري ,Haddil Haron,0,0,0,150,50000,,50150
كافيه ومطعم ركشا,Horeca Smart,عملاء اجل,21 يوماً,Lames Magdy,12638,8452.66,27686,0.45,0,,48777.11
تبرعات,MAS,عملاء كاش ,الدفع الفوري ,Haddil Haron,0,7880,19700,0,19700,,47280
مبيعات نقدي,0,عملاء كاش ,الدفع الفوري ,Haddil Haron,0,0,-22799,49495,18544.04,,45240.04
طلبية (عميل - مورد),MAS,عميل - مورد,5 Days,Haddil Haron,0,0,0,0,43564.56,,43564.56
Sushi Gate,Horeca Smart,عملاء كاش ,#N/A,Naden Amgad,0,-23633.08,61519.87,0,0,,37886.79
توجيزر لتصنيع الحلويات والمخابز,Horeca Smart,عملاء كاش ,الدفع الفوري ,Mona Mohamed,0,36398.1,-31,-314,-1950,,34103.1
ماس ديستربيوشن (عميل - مورد),MAS,عميل - مورد,0,Haddil Haron,0,0,33239.82,0,0,,33239.82
Meansun,MAS,عملاء كاش ,الدفع الفوري ,Haddil Haron,68285.55,-36862.83,0,0,0,,31422.72
Marinette French Bakery,Horeca Smart,عملاء كاش ,الدفع الفوري ,Lames Magdy,0,19368,11992,0,0,,31360
مصنع ميجا,Horeca Smart,عملاء كاش ,#N/A,Mona Mohamed,0,27074.25,0,0,3825,,30899.25
مطعم فالنسيا,Horeca Smart,عملاء كاش ,الدفع الفوري ,Mona Mohamed,30500,-74.7,0,74.3,0,,30499.6
مطعم ابو بكر السوري,0,عملاء كاش ,الدفع الفوري ,Reham Maher,0,0,-40000,-9984.43,80060.69,,30076.260000000002
حلواني ديسباسيتو,Horeca Smart,عملاء كاش ,الدفع الفوري ,Mona Mohamed,0,29490.7,0,0.7,0,,29491.4
Strip,Horeca Smart,عملاء كاش ,الدفع الفوري ,Reham Maher,0,28662.6,6.37,0,0,,28668.969999999998
لاكورفا للتوريدات العمومية,Horeca Smart,عملاء كاش ,الدفع الفوري ,Mona Mohamed,0,0,0,28446.38,0,,28446.38
kB’S,MAS,عملاء اجل,15 of month,Haddil Haron,0,0,0,0,28241.84,,28241.84
فطار وعشا,Horeca Smart,عملاء كاش ,الدفع الفوري ,Reham Maher,1750,6515.42,0,0,18092,,26357.42
KANA Cafe&Restaurant,Horeca Smart,عملاء كاش ,الدفع الفوري ,Reham Maher,0,0,0,0,26301.81,,26301.81
الصمدى,MAS,عملاء اجل,15 يوماً,Haddil Haron,0,0,26008,0,0,,26008
FB Cook,Horeca Smart,عملاء كاش ,الدفع الفوري ,Mona Mohamed,26970,-1000,0,0,0,,25970
mezoo,Horeca Smart,عملاء كاش ,الدفع الفوري ,Mona Mohamed,0,24125.69,0,0,0,,24125.69
Maqha,Horeca Smart,عملاء كاش ,الدفع الفوري ,Mona Mohamed,0,-725.14,22460.22,0,1356.19,,23091.27
Rubybeans,Horeca Smart,عملاء كاش ,#N/A,Lames Magdy,23003,0,0.51,-0.51,0,,23003
محمد عيد توريدات,MAS,عملاء كاش ,#N/A,Haddil Haron,0,21800,0,0,0,,21800
دهب دمشقي,Horeca Smart,عملاء كاش ,الدفع الفوري ,Lames Magdy,0,21455.69,0,0,0,,21455.69
Fam Bites,Horeca Smart,عملاء كاش ,#N/A,Lames Magdy,0,20755.84,160.96,0,0.95,,20917.75
سي مرجان,Horeca Smart,عملاء كاش ,الدفع الفوري ,Reham Maher,0,812.25,0,0,19712.75,,20525
فايف سويتس,MAS,عملاء اجل,30 يوماً,Lames Magdy,0,0,0,0,20039.75,,20039.75
مطعم لافندر,Horeca Smart,عملاء كاش ,الدفع الفوري ,Donia Khaled,0,0,0,0,18709.81,,18709.81
cavallo,Horeca Smart,عملاء كاش ,الدفع الفوري ,Donia Khaled,0,0,0,5435,12600,,18035
كافيه هدوء,Horeca Smart,عملاء كاش ,الدفع الفوري ,Lames Magdy,0,0,17768,0,0,,17768
مطعم اينوتشى,Horeca Smart,عملاء كاش ,الدفع الفوري ,Donia Khaled,0,17200.86,131.36,0,1,,17333.22
بيكينج فودز للصنعات,Horeca Smart,عملاء اجل,10 يوماً,Mona Mohamed,29525.6,-12728.76,0,0,0,,16796.839999999997
بيت ولاد رزق,Horeca Smart,عملاء كاش ,الدفع الفوري ,Reham Maher,0,16363,127,0,16,,16506
سكاي سيتي,Horeca Smart,عملاء كاش ,#N/A,Reham Maher,0,16159.9,0,0,0,,16159.9
Between the Buns,Horeca Smart,عملاء كاش ,#N/A,Mona Mohamed,0,15447.6,0,0,0,,15447.6
DOLCIMA DONUTS,Horeca Smart,عملاء كاش ,#N/A,Naden Amgad,0,14564.94,0,0,0,,14564.94
تشيكن كرسىي هين,Horeca Smart,عملاء كاش ,الدفع الفوري ,Lames Magdy,0,0,14160,0,0,,14160
محاشى هب,Horeca Smart,عملاء كاش ,#N/A,Reham Maher,0,12924.27,0.19,37.12,0,,12961.580000000002
شركة ديلايت للصناعات الغذائية ش ذ م م,MAS,عملاء كاش ,#N/A,Haddil Haron,0,12262.03,0,0,0,,12262.03
Motche do Cafe,Horeca Smart,عملاء كاش ,الدفع الفوري ,Lames Magdy,0,0,12247.46,0,0,,12247.46
مطعم الراعي,Horeca Smart,عملاء كاش ,الدفع الفوري ,Mona Mohamed,0,11304.44,0,0,0,,11304.44
Movenpick Cafe,Horeca Smart,عملاء كاش ,الدفع الفوري ,Lames Magdy,0,10806,0,0,281.5,,11087.5
اب تاون,Horeca Smart,عملاء كاش ,#N/A,Naden Amgad,0,10939.01,0,0,0,,10939.01
مطعم مدلل الشام,Horeca Smart,عملاء كاش ,#N/A,Donia Khaled,0,10672.37,0,0,0,,10672.37
كافيه ليالي,Horeca Smart,عملاء كاش ,#N/A,Reham Maher,10571.25,-4.5,0,0,0,,10566.75
شركة توريدات الهدايا,Horeca Smart,عملاء كاش ,#N/A,Donia Khaled,0,10501.47,4.72,0,0,,10506.189999999999
شركة نيفرديري,Horeca Smart,عملاء كاش ,الدفع الفوري ,Shorouk khaled,0,0,10400,0,0,,10400
Dash cafe&Restaurant,Horeca Smart,عملاء كاش ,الدفع الفوري ,Reham Maher,0,0,0,0,10028.29,,10028.29
موتشو,MAS,عملاء كاش ,#N/A,Haddil Haron,0,10021.15,-0.47,0,1,,10021.68
مدرسة دوفر,Horeca Smart,عملاء اجل,#N/A,Reham Maher,9303,0,0,0,0,,9303
Food Concepts,Horeca Smart,عملاء كاش ,الدفع الفوري ,Reham Maher,0,9297,0,0,0,,9297
مطعم موبيسترو,Horeca Smart,عملاء كاش ,الدفع الفوري ,Naden Amgad,0,0,0,0,9288.8,,9288.8
كافيه هليوبوليس,Horeca Smart,عملاء كاش ,الدفع الفوري ,Mona Mohamed,0,9191,0,0,0,,9191
مخبز كاندي,Horeca Smart,عملاء اجل,15 يوماً,Mona Mohamed,0,0,0,0,9132.37,,9132.37
Kyoto Sushi,Horeca Smart,عملاء كاش ,الدفع الفوري ,Naden Amgad,0,8085.31,0,0,989.75,,9075.060000000001
مخبز نصير,MAS,عملاء اجل,30 يوماً,Haddil Haron,15475,-7050,0,-3618.85,3617.47,,8423.619999999999
Allora Cafe,Horeca Smart,عملاء كاش ,الدفع الفوري ,Lames Magdy,0,318.13,1.25,0,7719,,8038.38
L'CASA,Horeca Smart,عملاء كاش ,الدفع الفوري ,Donia Khaled,0,0,0,0,7925,,7925
دار الدفاع الجوي,MAS,عملاء اجل,30 يوماً,Lames Magdy,0,0,0,0,7908.63,,7908.63
كافيه راديو,Horeca Smart,عملاء كاش ,الدفع الفوري ,Naden Amgad,0,0,0,0,7821.78,,7821.78
Emkay Foods,MAS,عملاء اجل,#N/A,Haddil Haron,7800,0,3.37,0,0,,7803.37
شركة الصفا ( اولاد عبد المقصود ),MAS,عميل - مورد,30 يوماً,Haddil Haron,0,0,7507.25,0,0,,7507.25
كافيه لو,Horeca Smart,عملاء كاش ,الدفع الفوري ,Donia Khaled,0,7374.5,0,0,0,,7374.5
Yuki sushi,Horeca Smart,عملاء كاش ,الدفع الفوري ,Naden Amgad,0,7260.53,1.92,0,0,,7262.45
Tata Batata,Horeca Smart,عملاء كاش ,#N/A,Lames Magdy,0,7027.25,-1.45,0,0,,7025.8
بيتزا سبايسي,Horeca Smart,عملاء كاش ,الدفع الفوري ,Lames Magdy,0,0,7010,0,0,,7010
شاي علي قهوة,Horeca Smart,عملاء كاش ,الدفع الفوري ,Naden Amgad,0,0,0,0,6524.1,,6524.1
yukl,Horeca Smart,عملاء كاش ,الدفع الفوري ,Mona Mohamed,0,0,0,0,6350,,6350
Dark Solutions Company,Horeca Smart,عملاء كاش ,الدفع الفوري ,Mona Mohamed,0,0,0,1.22,6308.58,,6309.8
كافيه ومطعم ستيم -نادي بلاتينيوم,Horeca Smart,عملاء كاش ,#N/A,Lames Magdy,0,6255.3,41.05,0,-41.05,,6255.3
مطعم سنفرو,Horeca Smart,عملاء كاش ,الدفع الفوري ,Lames Magdy,0,0,0,0,5778.44,,5778.44
كافيه تالنت,Horeca Smart,عملاء كاش ,#N/A,Mona Mohamed,0,5700,0,0,0,,5700
LiteBite,Horeca Smart,عملاء كاش ,#N/A,Naden Amgad,0,5588.7,0,0,0,,5588.7
the 9-التجمع الثالث,#N/A,#N/A,الدفع الفوري ,#N/A,0,5500,0,0,0,,5500
فويا,Horeca Smart,عملاء كاش ,#N/A,Mona Mohamed,0,5437,0,0,0,,5437
مصنع فود بيزنس جيت,Horeca Smart,عملاء كاش ,#N/A,Naden Amgad,0,5280,0,0,0,,5280
حلواني طيبه,Horeca Smart,عملاء كاش ,الدفع الفوري ,Mona Mohamed,0,5225,0,0,0,,5225
كافيه ومطعم  حواري كايرو,Horeca Smart,عملاء كاش ,الدفع الفوري ,Naden Amgad,5150,0,0,0,0,,5150
O'Mama Burger House,Horeca Smart,عملاء كاش ,#N/A,Reham Maher,0,6029.44,0,0,-926.5,,5102.94
احمد حلمى (عميل - مورد),MAS,عميل - مورد,الدفع الفوري ,Amgad Ahmed,0,0,0,0,4880,,4880
مطعم شبراوي,Horeca Smart,عملاء كاش ,الدفع الفوري ,Lames Magdy,0,0,0,0,4564.09,,4564.09
Mini Desserts,Horeca Smart,عملاء كاش ,الدفع الفوري ,Mona Mohamed,0,0,0,0,4464.7,,4464.7
Art Of Dining,Horeca Smart,عملاء كاش ,الدفع الفوري ,Mona Mohamed,0,0,0,0,4300,,4300
الليوان,Horeca Smart,عملاء كاش ,الدفع الفوري ,Mona Mohamed,0,0,0,4072,0,,4072
Ivory Coffee,Horeca Smart,عملاء كاش ,الدفع الفوري ,Naden Amgad,0,3999.25,0,0,0,,3999.25
كرياتف بان لادارة المطاعم,MAS,عملاء اجل,15 of month,Haddil Haron,0,0,0,0,3826.2,,3826.2
Tinto,Horeca Smart,عملاء كاش ,#N/A,Shorouk khaled,0,3745.07,0,0,0,,3745.07
كافيه ومطعم فلير,Horeca Smart,عملاء كاش ,الدفع الفوري ,Reham Maher,0,0,0,0,3615.02,,3615.02
التيسير,MAS,عملاء كاش ,الدفع الفوري ,Haddil Haron,0,0,3480,0,0,,3480
بيتزا المدملك,Horeca Smart,عملاء كاش ,الدفع الفوري ,Naden Amgad,0,0,0,0,3468.5,,3468.5
الرواد,Horeca Smart,عملاء كاش ,الدفع الفوري ,Shorouk khaled,0,0,3325,0,0,,3325
مطعم هيبو للمأكولات الصينية,Horeca Smart,عملاء كاش ,#N/A,Donia Khaled,3244.31,-2944.28,0,0,2944.7,,3244.7299999999996
Smash Man,Horeca Smart,عملاء كاش ,#N/A,Reham Maher,3231,-1.66,1.5,0,0,,3230.84
Daily Sips Coffee,Horeca Smart,عملاء كاش ,الدفع الفوري ,Naden Amgad,0,0,0,0,3205,,3205
دنيا الجمبري,Horeca Smart,عملاء كاش ,#N/A,Reham Maher,0,2900,0,0,0,,2900
مستشفي وادي النيل,MAS,عملاء كاش ,الدفع الفوري ,Haddil Haron,0,2800.75,0,0,0,,2800.75
Pizza Master,Horeca Smart,عملاء اجل,15 يوماً,Mona Mohamed,0,0,0,0,2794.66,,2794.66
بن فايز صبيح,Horeca Smart,عملاء كاش ,#N/A,Reham Maher,2735.5,0,0,0,0,,2735.5
Charminar Era,Horeca Smart,عملاء كاش ,#N/A,Mona Mohamed,0,2586,0,0,0,,2586
TBS,MAS,عملاء اجل,30 يوماً,Haddil Haron,0,0,2489.76,0,0,,2489.76
Green Island,Horeca Smart,عملاء كاش ,الدفع الفوري ,Mona Mohamed,0,0,0,0,2433.39,,2433.39
سعيد الصعيدى,Horeca Smart,عملاء كاش ,الدفع الفوري ,Mona Mohamed,0,0,0,0,2041,,2041
Varanda,Horeca Smart,عملاء كاش ,#N/A,Naden Amgad,0,1618.8,0,0,402,,2020.8
مطعم مندينا,Horeca Smart,عملاء كاش ,الدفع الفوري ,Lames Magdy,0,0,0,0,1698.72,,1698.72
سمكة,Horeca Smart,عملاء كاش ,الدفع الفوري ,Donia Khaled,0,0,1626.5,0,0,,1626.5
Citavo Cafe,Horeca Smart,عملاء كاش ,الدفع الفوري ,Donia Khaled,0,0,1564.01,0,0,,1564.01
3K مصنع,Horeca Smart,عملاء كاش ,الدفع الفوري ,Mona Mohamed,0,1506.95,0,0,0,,1506.95
شركة الهادي للتوريدات,Horeca Smart,عملاء كاش ,الدفع الفوري ,Naden Amgad,0,0,0,0,1500,,1500
Yaya,Horeca Smart,عملاء اجل,30 يوماً,Lames Magdy,0,18120,-18120,0,1500,,1500
كافيه سيدني,Horeca Smart,عملاء كاش ,#N/A,Naden Amgad,0,1419,0,0,0,,1419
شركة A.R.M,MAS,عملاء كاش ,الدفع الفوري ,Haddil Haron,0,0,1326.83,0,0,,1326.83
كافيه ومطعم المغترب,Horeca Smart,عملاء كاش ,الدفع الفوري ,Reham Maher,0,0,0,0,1242,,1242
Lamuda,Horeca Smart,عملاء كاش ,الدفع الفوري ,Lames Magdy,0,0,0,1233,-0.25,,1232.75
كافيه كاتورا,Horeca Smart,عملاء كاش ,الدفع الفوري ,Reham Maher,0,729.5,0,0,485,,1214.5
تشيرز,Horeca Smart,عملاء كاش ,#N/A,Mona Mohamed,0,1175.9,0,0,0,,1175.9
كافيه ومطعم موزايك,Horeca Smart,عملاء كاش ,الدفع الفوري ,Naden Amgad,0,0,0,0,1152.67,,1152.67
Sokyo Restaurant,Horeca Smart,عملاء كاش ,الدفع الفوري ,Mona Mohamed,0,0,0,0,1017.43,,1017.43
"الصعيدى "" سنا فودز """,MAS,عملاء اجل,15 يوماً,Haddil Haron,0,0,0,0,1003.26,,1003.26
شوكليت (أحمد شوقي),MAS,عملاء كاش ,#N/A,Haddil Haron,0,975,3,-2.5,0,,975.5
wisk&fluf,#N/A,#N/A,#N/A,#N/A,0,975,0,0,0,,975
كافيه ومطعم ميوش,Horeca Smart,عملاء كاش ,الدفع الفوري ,Donia Khaled,0,0.24,0,0,871,,871.24
صوفيا هاني للصناعات الغذائية,Horeca Smart,عملاء كاش ,الدفع الفوري ,Lames Magdy,0,0,0,0,820,,820
كافيه ومطعم كرافت-زايد,Horeca Smart,عملاء كاش ,الدفع الفوري ,Naden Amgad,0,805.36,1,0,0,,806.36
COUNTRY HILLS,Horeca Smart,عملاء كاش ,#N/A,Lames Magdy,0,658.34,0,0,0,,658.34
Moo,Horeca Smart,عملاء كاش ,الدفع الفوري ,Lames Magdy,0,0,0,652.76,0,,652.76
مرهت,MAS,عملاء كاش ,الدفع الفوري ,Haddil Haron,0,0,0,0,635,,635
مركز صيانة المتحدة السلام,Horeca Smart,عملاء كاش ,#N/A,Reham Maher,0,629,0,0,0,,629
أكلة حكاية,Horeca Smart,عملاء كاش ,الدفع الفوري ,Lames Magdy,0,0,0,0,622.5,,622.5
Loaded,Horeca Smart,عملاء كاش ,الدفع الفوري ,Lames Magdy,0,0,504.5,0,0,,504.5
اونستار للتجارة والتوريدات,Horeca Smart,عملاء كاش ,الدفع الفوري ,Donia Khaled,0,457.2,0,0,0,,457.2
الباجوري (عميل - مورد),MAS,عميل - مورد,0,Amgad Ahmed,0,0,0,0,454,,454
كوفي هاوس,Horeca Smart,عملاء كاش ,الدفع الفوري ,Mona Mohamed,0,0,-2049,0,2492.43,,443.42999999999984
مطعم روستو -فيصل,Horeca Smart,عملاء كاش ,الدفع الفوري ,Naden Amgad,0,0,435,0,0,,435
شركة جلويا,Horeca Smart,عملاء كاش ,الدفع الفوري ,Lames Magdy,0,0,0,0,365,,365
KAFE !N,Horeca Smart,عملاء كاش ,الدفع الفوري ,Lames Magdy,0,368,-20,0,0,,348
دووزى,Horeca Smart,عملاء كاش ,الدفع الفوري ,Donia Khaled,0,-5.72,296.72,0,0,,291
ايليت شاركس للتجارة,#N/A,#N/A,#N/A,#N/A,0,250.33,0,0,0,,250.33
مطعم مشاكيك,Horeca Smart,عملاء كاش ,#N/A,Lames Magdy,0,233.24,0,0,0,,233.24
مطعم بيلز بيلى,Horeca Smart,عملاء كاش ,الدفع الفوري ,Naden Amgad,0,212.57,0,0,0,,212.57
بيتزا الدفراوي,Horeca Smart,عملاء كاش ,#N/A,Lames Magdy,0,200.02,0,0,0,,200.02
Bja company,Horeca Smart,عملاء كاش ,الدفع الفوري ,Reham Maher,0,0,246,0,-55.48,,190.52
مستر بيتزا,,,,,0,180.5,0,0,0,,
The Best Supplies,,,,,0,0,0,0,80,,
Motor sprots HUB,,,,,0,0,50,0,0,,
ألميرا,,,,,0,0,19.98,0,0,,
الهادي نيو لتوريد المواد الغذائية,,,,,0,0,5,0,0,,
3BOYS Supplies Company,,,,,0,0,2.52,0,0,,
Simonds Bakery,,,,,0,2.1,0,0,0,,
Rivo Cafe - العبور,,,,,0,4.5,-2.75,0,0,,
Big Boy Restaurant,,,,,0,0,1.25,0,0,,
Mountain cafe,,,,,0,0,1,0,0,,
BRB Coffee,,,,,0,0,1,0,0,,
نووك نووك تشويز,,,,,0,-1.08,1.04,0.75,0,,
Princess Cafe,,,,,0,0,0.6,0,0,,
مطعم الجعان,,,,,0,0,0.5,0,0,,
المؤسسة الدولية للتوريدات,,,,,0,0.19,0,0.21,0,,
Ice coffee,,,,,0,0,0.33,0,0,,
كاليستو,,,,,0,-0.39,0.67,0,0,,
اي سي او لتجارة المواد الغذائية,,,,,0,0.25,0,0,0,,
الانفوشي,,,,,0,-9356,0,0,9356.17,,
Lavania,,,,,0,0,0.16,0,0,,
شاورمر,,,,,0,0,0,0.15,0,,
مطعم البركة - روض الفرج,,,,,-1.1,-518.9,520.08,0,0,,
Toki Rstaurant Asian food,,,,,-1,1,0.04,0,0,,
Delicieuse,,,,,-16.43,0,-3700,0,3716.43,,
VINE Restaurant&Cafe,,,,,0,-85.42,0,293,-207.58,,
ليفن,,,,,0,0.97,179.03,0,-180,,
سوشي سبوت,,,,,0.05,1.92,-1.97,0,0,,
هجر للصناعات الغذائية,,,,,0,0,0,0,0,,
هاف مليون,,,,,0,0,0,0,0,,
نيو المهندس,,,,,0,0,0,-2,2,,
ميلانو,,,,,0,0,0,0,0,,
مطعم و كافية خمسينة,,,,,0,635.5,0,-635.5,0,,
مطعم مربوعة,,,,,-0.8,0.8,0,0,0,,
مطعم كشريتو,,,,,0,0,337,0,-337,,
مطعم دينا كانتينا,,,,,0,0,0,0,0,,
مطعم دخنة,,,,,0,-0.5,0.5,0,0,,
مطعم العوده,,,,,0,0,0,0,0,,
مطعم اكاكوس,,,,,0,6,-6,0,0,,
مطبخ الاطلالة,,,,,0,0,0,0,0,,
مدرسه كونكورديا,,,,,-0.41,0.41,0,0,0,,
مارينجو,,,,,6700,-6700,0,0,0,,
ماد سوشي,,,,,0,0,0,-907.13,907.13,,
ليدام,,,,,0,0,0,0,0,,
لايف سناكس للتصنيع,,,,,-47.7,0,47.7,0,0,,
لايت بايت,,,,,-0.9,0.9,0,0,0,,
كومون جراوند لإدارة المشروعات,,,,,0,0,0,0,0,,
كريب المزاريطه,,,,,-2,2,0,0,0,,
كاليبسو كافيه,,,,,0,0.25,-0.25,0,0,,
كافيه ومطعم جومارو,,,,,0,1,-1,0,0,,
كافيه جولدن فايبس,,,,,0.11,-0.11,0,0,0,,
كافيه بيانكي,,,,,0,305,-305,0,0,,
كافيه بوشية,,,,,0,-140900,0,0,140900,,
قهوة شاكر,,,,,0,-3015,0,0,3015,,
فينيكس للتجارة ش ذ,,,,,0,337600,-337600,0,0,,
عم كبده,,,,,0,0,0,0,0,,
عبد ربه,,,,,0,-152000,152000,0,0,,
عالم الجمبري,,,,,0,0,0,0,0,,
صاج السمك,,,,,0,26,0,-5,-21,,
شركة وان اوك كاترينج,,,,,-100,500,0,0,-400,,
شركة سافي للتوريدات,,,,,0,0,0,0,0,,
شركة الفهد للتجارة والتوزيع,,,,,0,0,-55301.78,0,55301.78,,
سيلكت للخدمات التسويقيه توريدات,,,,,0,0,-0.74,0.74,0,,
سي بابا,,,,,0,94.3,-94.3,0,0,,
سوبر بيتزا,,,,,0,0,-0.64,0.64,0,,
ديليزا جيلاتو,,,,,0,-871.42,0,0,871.42,,
دوار ام حسن - المهندسين,,,,,-1.68,1.68,0,0,0,,
دايت هب,,,,,0,0,0,0,0,,
دار لالة للصناعات الغذائية,,,,,0,18.42,-18.42,0,0,,
دار البنك الاهلي المصري,,,,,-1.7,1.7,0,0,0,,
خليه وكرك,,,,,0,0.71,-0.71,0,0,,
حلواني creme,,,,,0,0,0,0,0,,
تورينو,,,,,0,0,0,0,0,,
تشنكيز,,,,,0,0,0.1,-0.1,0,,
الكونتننتال للخدمات التعليمية,,,,,-0.06,0.06,0,0,0,,
الرحمة للتوريدات,,,,,-0.5,0.5,0,0,0,,
The Chocolate,,,,,0,0,0,0,0,,
Tavolini Cafe,,,,,-0.11,0.11,0,0,0,,
taka sushi,,,,,0,55.76,-55.76,0,0,,
Swevem,,,,,-3.1,3.1,0,0,0,,
Suss Restaurant,,,,,0,0,0.01,-0.01,0,,
Sphinx Smash Burger,,,,,0.17,-0.17,0,0,0,,
Sor,,,,,0,-962.75,0,962.75,0,,
Six burgers,,,,,0,-18,18,0,0,,
Signature Chef,,,,,0,300,-300,0,0,,
Shots,,,,,0,180,-180,0,0,,
Santa lounge,,,,,0,0,0,0,0,,
Ryce,,,,,-0.33,0.33,0,0,0,,
"Rio, Rio's Pizza",,,,,-3.75,3.75,0,0,0,,
Pizza Pieco,,,,,0.1,-0.1,0,0,0,,
PAVONE,,,,,0,0,0,0,0,,
Pastini Cafe,,,,,0,0,0,0,0,,
Panda&walk Restaurant,,,,,0,0,0,0,0,,
Pancake,,,,,-1,225,-224,0,0,,
On Fire Burger,,,,,0,0,0,0,0,,
Mondish,,,,,0,1,-1,0,0,,
Mokito,,,,,-0.9,0.9,0,0,0,,
KOK CAFE,,,,,-6,5,1,0,0,,
Khayal - خيال,,,,,0,-100,0,0,100,,
kak fried chicken,,,,,0,0.5,-0.5,0,0,,
Isabell Sushi,,,,,0,2.91,-2.91,0,0,,
Food Fetch & Co. Restaurants,,,,,0,0,0.8,-0.8,0,,
EDDY'S Bakery,,,,,0,0,0,0,0,,
D.Cappuccino,,,,,0,0,0,0,0,,
Bubbles Cafe,,,,,-1.5,0,0,0,1.5,,
Barista cafe,,,,,0.12,-0.12,0,0,0,,
Bambo,,,,,0,0,0,0,0,,
AZ Black,,,,,0,1,-1,0,0,,
Antica Cafe,,,,,0,0,0.75,0,-0.75,,
Nounette,,,,,0,0,-0.04,0,0,,
"Tinto, Tinto-مصر الجديدة",,,,,0,0,-0.17,0,0,,
Sizzle Chicken fried,,,,,0,0,-0.21,0,0,,
نيني كيتشن,,,,,0,-0.25,0,0,0,,
Next cup,,,,,0,-0.25,0,0,0,,
Lucky Shot,,,,,-3450,3449.75,0,0,0,,
Duchess,,,,,0,-0.27,0,0,0,,
سمارت جيم,,,,,0,-0.4,0,0,0,,
لورد,,,,,32804.6,-32805,0,0,0,,
بلو بيرد,,,,,0,-0.46,0,0,0,,
عبير الاوركيد,,,,,0,0,-0.5,0,0,,
شركة انفينتى تك للحلول التكنولوجية,,,,,0,0,-0.5,0,0,,
Perla,,,,,0,-0.5,0,0,0,,
Nalu Lebanese Restaurant,,,,,0,-0.5,0,0,0,,
La farine boutique ( لافرين بوتيك ),,,,,0,-0.64,0.04,0,0,,
Specialty coffee,,,,,-0.9,0.3,0,0,0,,
بيتزا الامين,,,,,0,0,-0.62,0,0,,
Crunch Sushi,,,,,0,-0.25,-0.41,0,0,,
SAIN,,,,,0,-0.75,0,0,0,,
Bu Hub,,,,,0,-0.86,0,0,0,,
yellow mart Cafe,,,,,0,-0.89,0,0,0,,
سفرانو,,,,,0,-0.96,0,0,0,,
Conitta,,,,,0,-0.96,0,0,0,,
Bean N’Bun Marv,,,,,0,-0.97,0,0,0,,
EMA facilities managment,,,,,0,-1,0,0,0,,
EL PATIO ORO,,,,,0,-4,3,0,0,,
Mega bites,,,,,0,-1.2,0,0,0,,
A+ Working Space,,,,,0,-1.25,0,0,0,,
Crush Bunz,,,,,0,-1.48,0,0,0,,
B karnak School (National-American),,,,,0,-1.49,0,0,0,,
شيف اون دور,,,,,0,-1.75,0,0,0,,
CUPRESSO,,,,,0,-1.78,0,0,0,,
لاجولي,,,,,0,-1.9,0,0,0,,
مطعم بحر-الشروق,,,,,0,-1.46,-0.46,0,0,,
RED CLUCK,,,,,0,-4.22,0,1.65,0,,
Kokio chicken,,,,,0,-3,0,0,0,,
شارمينار للمؤكولات الهندية,,,,,0,-4.41,0.75,0,0,,
Master Burger,,,,,0,-4.1,0,0,0,,
Studio 98 Hospitality,,,,,0,-2187.6,0,0,2180.49,,
Opith Cafe,,,,,0,0,-7.25,0,0,,
Abo Heiba Coffee,,,,,0,-8.2,0,0,0,,
Bar Store,,,,,0,-8.45,0,0,0,,
كانتين مدرسه الاورمان,,,,,0,-9.12,0,0,0,,
Mixo Juice,,,,,0,-11,0,0,0,,
كنيسة السيدة مريم العذراء و مارجرجس,,,,,0,-24.47,0,0,0,,
Kneaded Pizza,,,,,0,-45.5,0,0,0,,
مطعم ستوريا,,,,,0,-47.15,0,0,0,,
رغيف شاورما,,,,,0,-12387,0,0,12313.8,,
Be In Coffee,,,,,0,-75,0,0,0,,
Seven sushi Bar,,,,,0,-88.75,0,0,0,,
Na2Na2,,,,,0,-88.8,0,0,0,,
كافيه كاريزما,,,,,0,0,0,0,-104.41,,
جرو برو لادارة المطاعم,,,,,0,0,0,-0.38,-159.67,,
velvet,,,,,0,-199.4,0,0,0,,
وتيني,,,,,0,0,0,-224.45,0,,
pizza mozza,,,,,0,-319.5,39.45,0,0,,
لفة معلم,,,,,0,-294,-0.18,0,-1.82,,
مطعم زيكو,,,,,-2.75,-298.25,0,0,0,,
عصائر سيتي درينك -عباس العقاد,,,,,0,0,-360,0,0,,
ادوومي فودز,,,,,0,-480.44,46.03,0,0,,
Coxswains Marketing,,,,,0,0,-489.76,0,0,,
مطعم تشيكسي,,,,,0,286.57,0,0,-803.57,,
بيتزا بريك,,,,,0,0,0,0,-533.5,,
سمارت فودز (عميل - مورد),,,,,0,0,0,0,-647.67,,
Waffly's restaurant,,,,,0,-855,0,0,0,,
مطعم ويستروس,,,,,0,0,-875,0,0,,
كافيه أبو كيف,,,,,0,-946,0,0,0,,
درينك اولاد حجازي,,,,,0,0,0,0,-966.1,,
Bomba,,,,,0,0,0,0,-1009.98,,
Dess-Tiny,,,,,0,0,0,-340,-1000,,
Treats Cafe,,,,,0,-1341.02,0,0,0,,
كرسبي,,,,,0,0,0,0,-1421.62,,
بيتزا مخبوز  - المخزن,,,,,0,0,0,-1450,0,,
شيما سوشي,,,,,0,-1600,0,0,0,,
Varanda - مدينة نصر,,,,,0,0,-1777.5,0,0,,
Dazzle,,,,,-4087.85,1999.6,0,0,0,,
le3ba cafe,,,,,0,0,0,0,-2574.99,,
Hassan Restaurant,,,,,0,-2685.61,0,0,0,,
كوفي ايلاند,,,,,0,-3090,0,0,0,,
مايلز تريد,,,,,0,0,30.62,0,-3324,,
Quick pick,,,,,0,-3864,0,0,0,,
حلواني الشيبي,,,,,0,0,0,0,-4410,,
كامب شيزار,,,,,0,0,-209.5,0,-4339.2,,
ريزنج ستار (sushi&co),,,,,0,0.8,0,-5195,0,,
مطعم مذاق الشام,,,,,0,0,-5820,0,0,,
Korean Restaurant,,,,,-5999,0,0,0,0,,
نود بيكرى - الف مصنع,,,,,0,-7326.36,-0.79,1126.67,0,,
كافيه ومطعم ستيم,,,,,0,-6465,0,0,235,,
Silk Road-Doking,,,,,-16034,0,0,0,7800,,
دانكن دوناتس,,,,,0,0,-20281.69,0,0,,
كافيه ميوز,,,,,0,-24922,240,0,0,,
sweet lu,,,,,0,-29581.04,0.54,0,0,,
فطير بابا مزارع ماما,,,,,0,-29790.22,0,0,0,,
أبيلا قطر النوم,,,,,173252.4,-133051,0,-73998.75,0,,
أوز سيلار-OS CELLAR,,,,,54480,-96940,-150,0,0,,
كافيه ومطعم خان شاهين,,,,,0,-44355.95,0,0,172.03,,
مى تو للتوريدات,,,,,0,-15.6,0,-109693.6,0,,
هانى - فريدام,,,,,-144150,0,0,0,0,,
مشارق للتوريدات,,,,,0,-167542,400,0,142,,
Horeca Hub,,,,,609189.67,-747568.8,-250630.49,31474.17,644.67,,
